run_id,question_id,question,project,final_response
9,1,Is there an entity named something like SCrypt in the wg/scrypt?,wg/scrypt,"

Yes, there are several entities with names similar to ""SCrypt"" in the codebase, including a class named exactly ""SCrypt"" as well as related classes for testing (SCryptTest) and utility functionality (SCryptUtil and SCryptUtilTest)."
9,2,Is there an entity named something like package com.lambdaworks.jni in the wg/scrypt?,wg/scrypt,Error: cound not answer
9,3,Is there an entity named something like loadSigned in the wg/scrypt?,wg/scrypt,"

Based on the limited information provided, there appears to be a method that might match what you're looking for in the wg/scrypt codebase. However, I don't have enough specific details about this method to confirm if it's exactly ""loadSigned"" or something similar. The search only indicates that a method was found, but doesn't provide its exact name, parameters, or functionality.

To get more detailed information about this method, you might want to examine the specific file where it's located or search for more precise references to ""loadSigned"" in the codebase."
9,4,Is there an entity named something like PBKDFTest in the package com.lambdaworks.jni.test?,wg/scrypt,"

Based on the information provided, I cannot determine if there is an entity named something like PBKDFTest in the package com.lambdaworks.jni.test. The response only lists three numbers (1, 20, 39) without any context about what these numbers represent or any information about class names or packages. To answer your question accurately, I would need more specific information about the classes or entities in the com.lambdaworks.jni.test package."
9,5,Is there an entity named something like blockmix_salsa8 in the package com.lambdaworks.jni?,wg/scrypt,Error: cound not answer
9,6,Is there an entity named something like loader in the PBKDF?,wg/scrypt,Error: cound not answer
9,7,What are the parts of this repo wg/scrypt?,wg/scrypt,"

I don't have enough information about the wg/scrypt repository to provide details about its parts or structure. The information needed to answer your question wasn't available in the responses from the system. To learn about the components of the wg/scrypt repository, you might want to directly visit the repository on GitHub or check its documentation."
9,8,What are the parts of this package package com.lambdaworks.jni?,wg/scrypt,Error: cound not answer
9,9,What are the parts of this class SCrypt?,wg/scrypt,Error: cound not answer
9,10,How are instances of class JarLibraryLoaderTest created and assembled?,wg/scrypt,"

Unfortunately, I don't have enough specific information about how instances of the JarLibraryLoaderTest class are created and assembled. The response only indicates that some classes or entities were found, but doesn't provide any details about the JarLibraryLoaderTest class, its constructor, initialization methods, or how instances are assembled. To properly answer this question, I would need information about the class definition, constructors, and any setup methods or test fixtures used with this class."
9,11,Who modified this package package com.lambdaworks.jni most recently?,wg/scrypt,"

I don't have enough information to determine who modified the package com.lambdaworks.jni most recently. While I can see the files that exist in the package, I don't have access to the git history or commit information that would show the most recent contributor."
9,12,Who modified this class PBKDFTest most recently?,wg/scrypt,"

I don't have enough information to determine who modified the PBKDFTest class most recently. While I can see that the class exists in the codebase, I don't have access to any git history, commit information, or other metadata that would show who made the most recent modifications to this class and when those changes occurred."
9,13,When was this package package com.lambdaworks.jni.test last modified?,wg/scrypt,[]
9,14,When was this class PBKDF last modified?,wg/scrypt,"

However, I don't have enough information about when the PBKDF class was last modified. The search found the class exists, but no information about its modification history was provided. To determine when it was last modified, you would need information from a version control system like Git that tracks file changes over time."
9,15,What does this repo wg/scrypt do?,wg/scrypt,"

I don't have enough information to answer what the wg/scrypt repository does. The available responses don't contain details about this repository's purpose or functionality. To learn about this repository, you might want to directly visit the GitHub page for wg/scrypt or check its documentation."
9,16,What was done in the most recent modification to this repo wg/scrypt?,wg/scrypt,[]
9,17,What was done in the most recent modification to this package package com.lambdaworks.crypto?,wg/scrypt,Error: cound not answer
9,18,What was done in the most recent modification to this class LibraryLoaders?,wg/scrypt,"

However, this information doesn't actually tell us what modifications were made to the LibraryLoaders class. The response only lists some numbers without any context about what they represent. I don't have enough specific information about the most recent modifications to the LibraryLoaders class to provide you with a meaningful answer.

To get information about the most recent modifications to a class, you would typically need to see git commit history, pull request details, or changelog information related to that specific class."
9,19,Where is this package package com.lambdaworks.codec declared in the type hierarchy?,wg/scrypt,"

However, this information is insufficient to determine where the package ""com.lambdaworks.codec"" is declared in the type hierarchy. The response only mentions a class named ""Base64"" but doesn't provide information about the package structure, parent packages, or how it fits into the overall type hierarchy. 

To answer your question properly, I would need more details about the codebase structure, parent packages, and how com.lambdaworks.codec relates to other packages in the system."
9,20,Where is this class CryptoTestUtil declared in the type hierarchy?,wg/scrypt,"

I don't have enough information to answer your question about the CryptoTestUtil class's position in the type hierarchy. The search results don't provide any details about this class, its declaration, or its place in any inheritance structure. To answer this question properly, I would need more specific information about the CryptoTestUtil class and its relationship to other classes in the codebase."
9,21,Where is this method loadSigned declared in the type hierarchy?,wg/scrypt,"

However, this information doesn't actually tell us where the `loadSigned` method is declared in the type hierarchy. The response only provides some numeric identifiers without any context about what classes these numbers refer to or how they relate to the `loadSigned` method.

I don't have enough specific information to answer where the `loadSigned` method is declared in the type hierarchy. To properly answer this question, I would need information about the class or interface that declares this method, along with details about its inheritance or implementation hierarchy."
9,22,Where is this package package com.lambdaworks.jni.test referenced?,wg/scrypt,Error: cound not answer
9,23,Where is this class SCryptUtilTest called or type referenced?,wg/scrypt,Error: cound not answer
9,24,Where is this method setPlatform called?,wg/scrypt,Error: cound not answer
9,25,Under what circumstances is this package package com.lambdaworks.jni.test used?,wg/scrypt,"

Based on the naming patterns, the package `com.lambdaworks.jni.test` appears to be a test package that contains test classes for the JNI (Java Native Interface) functionality in the lambdaworks library. The class names suggest that this package is used specifically for testing:

1. Platform detection functionality (AbstractPlatformDetectionTest, PlatformTest)
2. Library loading mechanisms (JarLibraryLoaderTest, LibraryLoadersTest)

This package would typically be used during development and testing phases of the lambdaworks library, particularly for verifying that the JNI components work correctly across different platforms and that native libraries can be loaded properly. It would not be used in production code, but rather as part of the test suite to ensure the main library functions correctly."
9,26,Under what circumstances is this class PBKDF used?,wg/scrypt,Error: cound not answer
9,27,Under what circumstances is this method unsupported called?,wg/scrypt,Error: cound not answer
9,28,"What are the differences between these two files: File 1: CryptoTestUtil.java, File2: SCryptTest.java?",wg/scrypt,"

However, I don't have enough detailed information about the contents, structure, or purpose of these files to provide a meaningful comparison between them. To properly answer this question, I would need to see the actual code or a description of what each file contains, their functions, methods, and overall purpose in the codebase. Without this information, I cannot accurately describe the differences between these two files."
9,29,"What are the differences between these two classes: Class 1: CryptoTestUtil, Class 2: Base64?",wg/scrypt,"

However, I don't have enough information about these classes to explain their differences. To provide a meaningful comparison, I would need more details about their methods, functionality, purpose, and implementation. Without access to the actual code or documentation for these classes, I cannot accurately describe how they differ from each other."
9,30,"What is the difference between these similar parts of the code: Method 1: decode, Method 2: hexValue?",wg/scrypt,"

However, there is not enough specific information about the methods ""decode"" and ""hexValue"" in the provided context to determine the differences between them. Without seeing the actual implementation, parameters, return types, or usage of these methods, I cannot provide a meaningful comparison between them.

To answer your question accurately, I would need more details about these methods, such as their code implementations, the classes they belong to, and their intended purposes."
9,31,How can we know this object Platform has been created and initialized correctly?,wg/scrypt,Error: cound not answer
9,32,"How are these types or objects related (e.g., whole-part relationships)?",wg/scrypt,Error: cound not answer
9,33,"What are the arguments to this class's constructor PBKDF, if any?",wg/scrypt,Error: cound not answer
9,34,"What are the arguments to this method encode, if any?",wg/scrypt,"

However, there's not enough specific information available about the `encode` method to determine its arguments. The context doesn't provide details about the method signature, parameter list, or any documentation for this particular method. To answer your question accurately, I would need more information about which specific `encode` method you're referring to, as it could exist in multiple classes or have different implementations."
9,1,Is there an entity named something like PojoCachedMethodSiteNoUnwrapNoCoerce in the groovy/groovy-core?,groovy/groovy-core,"

However, this information doesn't actually tell us whether there is an entity named ""PojoCachedMethodSiteNoUnwrapNoCoerce"" or something similar in the groovy/groovy-core. The response only provides some numbers without any context about what they represent.

Based on the limited information available, I cannot determine if there is an entity with that name in the groovy/groovy-core codebase. A more detailed search of the codebase would be needed to answer this question definitively."
9,2,Is there an entity named something like package org.codehaus.groovy.classgen in the groovy/groovy-core?,groovy/groovy-core,"

While these class names suggest code generation functionality that would typically be in a package like ""org.codehaus.groovy.classgen"", the information provided doesn't explicitly confirm the existence of this specific package name. The list shows classes that could be part of such a package, but without direct confirmation of the package structure itself."
9,3,Is there an entity named something like createConstructor in the groovy/groovy-core?,groovy/groovy-core,"

Based on the information provided, there appears to be a method named something like ""createConstructor"" in the groovy/groovy-core codebase. However, I don't have specific details about this method such as its exact name, which class it belongs to, its parameters, or its functionality. The information available is quite limited, only confirming that such a method likely exists."
9,4,Is there an entity named something like RootLoaderRef in the package groovy?,groovy/groovy-core,[]
9,5,Is there an entity named something like invokeCustom in the package org.codehaus.groovy.transform.sc.transformers?,groovy/groovy-core,Error: cound not answer
9,6,Is there an entity named something like createPojoCallSite in the ConstantMetaClassVersioning?,groovy/groovy-core,Error: cound not answer
9,7,What are the parts of this repo groovy/groovy-core?,groovy/groovy-core,[]
9,8,What are the parts of this package package groovy?,groovy/groovy-core,Error: cound not answer
9,9,What are the parts of this class MethodCallerMultiAdapter?,groovy/groovy-core,Error: cound not answer
9,10,How are instances of class RunClosureTest created and assembled?,groovy/groovy-core,"

Unfortunately, this information is insufficient to answer your question about how instances of the RunClosureTest class are created and assembled. The agent response only provides some numeric identifiers without any context about the class structure, instantiation methods, or assembly process for RunClosureTest objects.

To properly answer your question, I would need more specific information about the RunClosureTest class, such as its constructor methods, factory methods if any, and how its components are initialized and connected. Without access to the actual source code or documentation for this class, I cannot provide a meaningful answer about its creation and assembly process."
9,11,Who modified this package package org.codehaus.groovy.classgen most recently?,groovy/groovy-core,"

I don't have enough information to determine who modified the package org.codehaus.groovy.classgen most recently. While I can see a list of files in the package, I don't have access to git commit history showing who made the most recent modifications to these files. To answer this question accurately, I would need information about commit history, commit dates, and author information."
9,12,Who modified this class AbstractFactory most recently?,groovy/groovy-core,"

Based on the git history, the AbstractFactory class was most recently modified by Cedric Champeau on April 3, 2015. His commit (a52d0d3c5dd1cbb342992d36235171718a563c8b) updated the file headers for Apache licensing. The changes were primarily to the license header format rather than functional changes to the code itself."
9,13,When was this package package org.codehaus.groovy.control last modified?,groovy/groovy-core,"

I don't have enough information to determine when the package org.codehaus.groovy.control was last modified. While I can see the files that exist in this package, the information provided doesn't include timestamps or modification dates for these files."
9,14,When was this class ForTest last modified?,groovy/groovy-core,"

However, I don't have enough information to determine when the class ForTest was last modified. To answer this question accurately, I would need information about the modification history of this class, such as git commit dates or file timestamps, which is not available in the provided context."
9,15,What does this repo groovy/groovy-core do?,groovy/groovy-core,[]
9,16,What was done in the most recent modification to this repo groovy/groovy-core?,groovy/groovy-core,[]
9,17,What was done in the most recent modification to this package package org.codehaus.groovy.ast?,groovy/groovy-core,"

I don't have enough information to answer what was done in the most recent modification to the org.codehaus.groovy.ast package. While I can see a list of files in the package, I don't have information about the commit history, change logs, or specific modifications that would indicate what changes were made most recently."
9,18,What was done in the most recent modification to this class ClassHelper?,groovy/groovy-core,"

I don't have enough information to answer your question about the most recent modifications to the ClassHelper class. The responses don't provide any details about the class itself or its modification history. To get this information, I would need access to the git history or other version control information specifically for the ClassHelper class."
9,19,Where is this package package org.codehaus.groovy.runtime declared in the type hierarchy?,groovy/groovy-core,"

Based on the information provided, I can see a list of classes that appear to be part of the org.codehaus.groovy.runtime package, but I don't have specific information about where this package is declared in the type hierarchy. To answer your question completely, I would need information about the parent packages or how this package fits into the overall Groovy framework hierarchy."
9,20,Where is this class MetaMethodSite declared in the type hierarchy?,groovy/groovy-core,"

However, there is not enough information available to determine where the MetaMethodSite class is declared in the type hierarchy. The search results don't provide details about its parent classes, interfaces it implements, or its position in the inheritance hierarchy. To answer this question accurately, we would need more specific information about the class's declaration and its relationship to other classes in the codebase."
9,21,Where is this method getReturnType declared in the type hierarchy?,groovy/groovy-core,"

However, based on the information provided, I cannot determine specifically where the `getReturnType` method is declared in the type hierarchy. The response only lists class names without showing their relationships or method declarations. To answer your question accurately, I would need more detailed information about these classes, their inheritance relationships, and their method declarations."
9,22,Where is this package package org.codehaus.groovy.runtime referenced?,groovy/groovy-core,Error: cound not answer
9,23,Where is this class ManagedDoubleKeyMap called or type referenced?,groovy/groovy-core,Error: cound not answer
9,24,Where is this method getClassNode called?,groovy/groovy-core,Error: cound not answer
9,25,Under what circumstances is this package package groovy.util used?,groovy/groovy-core,Error: cound not answer
9,26,Under what circumstances is this class InvokeGroovyMethodTest used?,groovy/groovy-core,"

Unfortunately, I don't have enough information to determine the circumstances under which the `InvokeGroovyMethodTest` class is used. The search results only provided some numbers (531 and 2373) without any context about the class itself, its purpose, or its usage patterns. To properly answer this question, I would need more specific information about the class, such as its code, documentation, or references to it in the codebase."
9,27,Under what circumstances is this method containsKey called?,groovy/groovy-core,Error: cound not answer
9,28,"What are the differences between these two files: File 1: NewifyASTTransformation.java, File2: StaticTypesClosureWriter.java?",groovy/groovy-core,"

Unfortunately, I don't have enough information to properly compare the two files you've asked about (NewifyASTTransformation.java and StaticTypesClosureWriter.java). The response only contains some numbers without any context about the actual content, functionality, or purpose of these files. To provide a meaningful comparison, I would need details about their code structure, functionality, and purpose."
9,29,"What are the differences between these two classes: Class 1: ImportNode, Class 2: DefaultRelationNameResolver?",groovy/groovy-core,Error: cound not answer
9,30,"What is the difference between these similar parts of the code: Method 1: iterator, Method 2: toArray?",groovy/groovy-core,"

I don't have enough specific information about the `iterator()` and `toArray()` methods in the context you're asking about. While many of these classes likely implement these methods, I don't have access to their implementations or the specific context in which you're comparing them.

In general programming terms:
- An `iterator()` method typically returns an Iterator object that allows traversing through elements sequentially
- A `toArray()` method typically converts a collection to an array containing all elements

However, without seeing the specific code implementations you're referring to, I cannot provide a detailed comparison of how these methods are implemented in your codebase."
9,31,How can we know this object IntWrapper has been created and initialized correctly?,groovy/groovy-core,"

Based on the limited information provided, I don't have enough context to determine how to verify if an IntWrapper object has been created and initialized correctly. The response only mentions two numeric values (957 and 2799) without any explanation of how they relate to IntWrapper.

To properly answer this question, I would need more information about:
1. The definition of the IntWrapper class
2. Its initialization process
3. Any validation methods or properties it might have
4. Expected behaviors of a correctly initialized IntWrapper

Without this information, I can't provide specific guidance on how to verify proper initialization of an IntWrapper object."
9,32,"How are these types or objects related (e.g., whole-part relationships)?",groovy/groovy-core,Error: cound not answer
9,33,"What are the arguments to this class's constructor AstBuilderTransformation, if any?",groovy/groovy-core,Error: cound not answer
9,34,"What are the arguments to this method getUpperBounds, if any?",groovy/groovy-core,Error: cound not answer
9,1,Is there an entity named something like Parser in the joestelmach/natty?,joestelmach/natty,Error: cound not answer
9,2,Is there an entity named something like package com.joestelmach.natty in the joestelmach/natty?,joestelmach/natty,Error: cound not answer
9,3,Is there an entity named something like getParseLocations in the joestelmach/natty?,joestelmach/natty,Error: cound not answer
9,4,Is there an entity named something like DateTimeTest in the package com.joestelmach.natty?,joestelmach/natty,Error: cound not answer
9,5,Is there an entity named something like formal_year_four_digits in the package com.joestelmach.natty.grammar?,joestelmach/natty,Error: cound not answer
9,6,Is there an entity named something like relaxed_year in the TimeTest?,joestelmach/natty,Error: cound not answer
9,7,What are the parts of this repo joestelmach/natty?,joestelmach/natty,Error: cound not answer
9,8,What are the parts of this package package com.joestelmach.natty?,joestelmach/natty,Error: cound not answer
9,9,What are the parts of this class DateTimeTest?,joestelmach/natty,Error: cound not answer
9,10,How are instances of class TimeZoneTest created and assembled?,joestelmach/natty,Error: cound not answer
9,11,Who modified this package package com.joestelmach.natty.grammar most recently?,joestelmach/natty,Error: cound not answer
9,12,Who modified this class ANTLRNoCaseInputStream most recently?,joestelmach/natty,Error: cound not answer
9,13,When was this package package com.joestelmach.natty last modified?,joestelmach/natty,Error: cound not answer
9,14,When was this class AbstractGrammarTest last modified?,joestelmach/natty,Error: cound not answer
9,15,What does this repo joestelmach/natty do?,joestelmach/natty,Error: cound not answer
9,16,What was done in the most recent modification to this repo joestelmach/natty?,joestelmach/natty,Error: cound not answer
9,17,What was done in the most recent modification to this package package com.joestelmach.natty?,joestelmach/natty,Error: cound not answer
9,18,What was done in the most recent modification to this class TimeZoneTest?,joestelmach/natty,Error: cound not answer
9,19,Where is this package package com.joestelmach.natty.grammar declared in the type hierarchy?,joestelmach/natty,Error: cound not answer
9,20,Where is this class TimeGrammarTest declared in the type hierarchy?,joestelmach/natty,Error: cound not answer
9,21,Where is this method testRelative declared in the type hierarchy?,joestelmach/natty,Error: cound not answer
9,22,Where is this package package com.joestelmach.natty referenced?,joestelmach/natty,Error: cound not answer
9,23,Where is this class IcsTest called or type referenced?,joestelmach/natty,Error: cound not answer
9,24,Where is this method setRuleName called?,joestelmach/natty,Error: cound not answer
9,25,Under what circumstances is this package package com.joestelmach.natty used?,joestelmach/natty,Error: cound not answer
9,26,Under what circumstances is this class Parser used?,joestelmach/natty,Error: cound not answer
9,27,Under what circumstances is this method meridian_indicator called?,joestelmach/natty,Error: cound not answer
9,28,"What are the differences between these two files: File 1: Season.java, File2: HolidayGrammarTest.java?",joestelmach/natty,Error: cound not answer
9,29,"What are the differences between these two classes: Class 1: NattyTokenSource, Class 2: CPANTest?",joestelmach/natty,"

I don't have enough information to answer the question about the differences between NattyTokenSource and CPANTest classes. The data provided doesn't contain any details about the structure, purpose, or functionality of these classes. To properly compare these classes, I would need information about their methods, properties, inheritance relationships, and intended uses."
9,30,"What is the difference between these similar parts of the code: Method 1: validateDateTime, Method 2: validateTime?",joestelmach/natty,"

Based on this limited information, I can only confirm that these two methods exist in the codebase, but I don't have enough details about their implementations, parameters, or specific behaviors to explain the differences between them.

From their names, I can infer that:
- `validateDateTime` likely validates both date and time components
- `validateTime` likely validates only time components

However, without seeing the actual code implementation, parameter lists, or documentation for these methods, I cannot provide a specific explanation of their differences in functionality, validation rules, or use cases. More information about these methods would be needed to give you a complete answer."
9,31,How can we know this object DateTimeTest has been created and initialized correctly?,joestelmach/natty,Error: cound not answer
9,32,"How are these types or objects related (e.g., whole-part relationships)?",joestelmach/natty,Error: cound not answer
9,33,"What are the arguments to this class's constructor RecurrenceTest, if any?",joestelmach/natty,"

However, I don't have specific information about a class named ""RecurrenceTest"" or its constructor arguments. Based on the limited information provided, I cannot determine what arguments, if any, are required for the RecurrenceTest constructor. To answer this question accurately, I would need to see the actual source code or documentation for the RecurrenceTest class."
9,34,"What are the arguments to this method setRuleName, if any?",joestelmach/natty,"

However, there is not enough information available about the `setRuleName` method. The search results don't provide any details about this method, its arguments, or where it exists in the codebase. Without additional context about which class this method belongs to or its implementation details, I cannot determine what arguments it takes."
9,1,Is there an entity named something like YahooFinanceDispatcher in the sstrickx/yahoofinance-api?,sstrickx/yahoofinance-api,"

Based on the limited information provided, I cannot determine if there is an entity named YahooFinanceDispatcher or something similar in the sstrickx/yahoofinance-api repository. The response contains only numbers (3 and 33) which don't provide meaningful information about the existence of such an entity. I don't have enough information to properly answer your question about the YahooFinanceDispatcher entity."
9,2,Is there an entity named something like package yahoofinance.mock in the sstrickx/yahoofinance-api?,sstrickx/yahoofinance-api,"

So yes, there is an entity named ""yahoofinance.mock"" in the sstrickx/yahoofinance-api. This appears to be a mock package, which is likely used for testing purposes to simulate Yahoo Finance API responses without making actual network requests."
9,3,Is there an entity named something like fxQuoteTest in the sstrickx/yahoofinance-api?,sstrickx/yahoofinance-api,"

However, this information is not specific enough to determine if there is an entity named something like ""fxQuoteTest"" in the sstrickx/yahoofinance-api repository. The response doesn't provide any details about whether such an entity exists or not. I don't have enough information to answer your question definitively."
9,4,Is there an entity named something like FxQuoteRequestTest in the package yahoofinance.query2v8?,sstrickx/yahoofinance-api,"

Based on this information, yes, there is an entity named ""FxQuoteRequestTest"" that matches what you're looking for. However, I cannot confirm with certainty that it's specifically in the yahoofinance.query2v8 package since the package information wasn't explicitly provided in the search results."
9,5,Is there an entity named something like getAnnualYield in the package yahoofinance.quotes.csv?,sstrickx/yahoofinance-api,"

According to the information available, there appears to be a method named something like getAnnualYield in the yahoofinance.quotes.csv package. However, I don't have specific details about its exact name, parameters, return type, or the class it belongs to. The information provided only confirms the existence of such a method without further details about its implementation or usage."
9,6,Is there an entity named something like getPercent in the StockQuotesQuery1V7Request?,sstrickx/yahoofinance-api,Error: cound not answer
9,7,What are the parts of this repo sstrickx/yahoofinance-api?,sstrickx/yahoofinance-api,"

Based on the package structure, this repository appears to be a Java API for accessing Yahoo Finance data. It's organized into several modules that handle different aspects of financial data retrieval, including:

1. Exchange information (exchanges)
2. Historical quotes data (histquotes, histquotes2)
3. Mock functionality for testing (mock)
4. Query functionality (query2v8)
5. Various quote types (quotes.csv, quotes.fx, quotes.query1v7, quotes.stock)
6. Utility functions (util)

The API seems designed to provide programmatic access to different types of financial data available through Yahoo Finance."
9,8,What are the parts of this package package yahoofinance.quotes.csv?,sstrickx/yahoofinance-api,Error: cound not answer
9,9,What are the parts of this class FxSymbols?,sstrickx/yahoofinance-api,"

Based on the limited information provided, I don't have enough details to explain the parts of the FxSymbols class. The response from the source code agent only indicates that 16 classes or entities were found, but doesn't provide any specific information about the structure, methods, fields, or functionality of the FxSymbols class itself.

To properly answer your question about the parts of the FxSymbols class, I would need more specific information about its properties, methods, and structure."
9,10,How are instances of class HistDividendsRequest created and assembled?,sstrickx/yahoofinance-api,Error: cound not answer
9,11,Who modified this package package yahoofinance.histquotes most recently?,sstrickx/yahoofinance-api,Error: cound not answer
9,12,Who modified this class HistoricalQuoteRequestTest most recently?,sstrickx/yahoofinance-api,"

I don't have enough information to determine who most recently modified the HistoricalQuoteRequestTest class. The source code agent found some entities but didn't provide information about the class in question, and there's no Git or GitHub history available that would show commit information or recent modifications. Without access to version control history or file metadata, I cannot identify the most recent modifier of this class."
9,13,When was this package package yahoofinance.quotes.fx last modified?,sstrickx/yahoofinance-api,Error: cound not answer
9,14,When was this class StockQuotesQuery1V7Request last modified?,sstrickx/yahoofinance-api,"

However, I don't have enough information about when this class was last modified. The search results don't include any timestamps, commit history, or modification dates for the StockQuotesQuery1V7Request class. To determine when it was last modified, I would need access to version control information, commit logs, or file metadata that isn't available in the provided context."
9,15,What does this repo sstrickx/yahoofinance-api do?,sstrickx/yahoofinance-api,"

I don't have enough information about the sstrickx/yahoofinance-api repository to provide you with a detailed answer. The necessary information about this repository wasn't available in the responses I received."
9,16,What was done in the most recent modification to this repo sstrickx/yahoofinance-api?,sstrickx/yahoofinance-api,[]
9,17,What was done in the most recent modification to this package package yahoofinance.util?,sstrickx/yahoofinance-api,Error: cound not answer
9,18,What was done in the most recent modification to this class StockQuote?,sstrickx/yahoofinance-api,Error: cound not answer
9,19,Where is this package package yahoofinance.histquotes2 declared in the type hierarchy?,sstrickx/yahoofinance-api,Error: cound not answer
9,20,Where is this class Utils declared in the type hierarchy?,sstrickx/yahoofinance-api,"

This information doesn't provide any details about a class named ""Utils"" or its position in a type hierarchy. Without more specific information about the class name, file location, or code context, I cannot determine where a Utils class is declared in the type hierarchy. 

To answer this question properly, I would need additional details such as the full class name (including package/namespace), relevant code snippets, or file locations where this Utils class might be defined."
9,21,Where is this method getDate declared in the type hierarchy?,sstrickx/yahoofinance-api,Error: cound not answer
9,22,Where is this package package yahoofinance.quotes.csv referenced?,sstrickx/yahoofinance-api,Error: cound not answer
9,23,Where is this class HistQuotes2Request called or type referenced?,sstrickx/yahoofinance-api,Error: cound not answer
9,24,Where is this method  called?,sstrickx/yahoofinance-api,"

The information provided is not sufficient to answer your question. You asked ""Where is this method called?"" but you did not specify which method you're referring to. Additionally, the context provided is minimal and doesn't contain any actual code or method references.

To get a helpful answer, please specify:
1. The name of the method you're inquiring about
2. The class or file where this method is defined (if known)

This would allow for a proper search of where the method is being called throughout the codebase."
9,25,Under what circumstances is this package package yahoofinance.histquotes used?,sstrickx/yahoofinance-api,Error: cound not answer
9,26,Under what circumstances is this class Stock used?,sstrickx/yahoofinance-api,Error: cound not answer
9,27,Under what circumstances is this method get called?,sstrickx/yahoofinance-api,"

I don't have enough information to answer your question. You're asking about the circumstances under which a specific method is called, but there's no context provided about which method you're referring to. Additionally, the information provided by the source code agent is extremely limited, only indicating that ""1"" was found without any details about method definitions, calls, or context.

To provide a meaningful answer, I would need:
- The name of the method you're asking about
- The class or file where this method is defined
- Relevant code snippets that show the method's implementation and usage

If you could provide more specific details about the method in question, I'd be happy to help answer your question."
9,28,"What are the differences between these two files: File 1: HistQuotesRequest.java, File2: HistDividendsRequest.java?",sstrickx/yahoofinance-api,"

I don't have enough information to properly answer your question about the differences between HistQuotesRequest.java and HistDividendsRequest.java. The response from the source code agent only indicates that some entities were found (9 and 29), but doesn't provide any actual code content or descriptions of these files that would allow me to compare them.

To answer your question effectively, I would need to see the actual content or structure of both files to identify their differences in purpose, functionality, and implementation."
9,29,"What are the differences between these two classes: Class 1: HistQuotesRequest, Class 2: ResponseResource?",sstrickx/yahoofinance-api,"

I don't have enough information to answer your question about the differences between HistQuotesRequest and ResponseResource. The available data doesn't provide any details about these classes, their properties, methods, or purposes. To properly compare these classes, I would need access to their definitions, documentation, or implementation details."
9,30,"What is the difference between these similar parts of the code: Method 1: get, Method 2: get?",sstrickx/yahoofinance-api,"

I don't have enough information to answer your question about the differences between two ""get"" methods. Your question refers to ""Method 1: get"" and ""Method 2: get"" but doesn't specify which classes these methods belong to. 

The codebase appears to have multiple classes that might contain ""get"" methods, but without knowing which specific classes and methods you're referring to, I cannot provide a meaningful comparison of their differences.

If you could specify which classes these ""get"" methods belong to, I would be able to provide a more detailed answer about their differences."
9,31,How can we know this object RedirectableRequest has been created and initialized correctly?,sstrickx/yahoofinance-api,Error: cound not answer
9,32,"How are these types or objects related (e.g., whole-part relationships)?",sstrickx/yahoofinance-api,"

However, I don't have enough information about the relationships between these types or objects. To properly explain their relationships (such as inheritance hierarchies, composition relationships, or dependencies), I would need more details about their implementation, such as class definitions, method signatures, or UML diagrams. The information provided only lists the classes but doesn't show how they interact or relate to each other."
9,33,"What are the arguments to this class's constructor HistQuotes2Request, if any?",sstrickx/yahoofinance-api,Error: cound not answer
9,34,"What are the arguments to this method getProtocolRedirectLimit, if any?",sstrickx/yahoofinance-api,"

However, I don't have enough information about the specific arguments for the `getProtocolRedirectLimit` method. The search found that this method exists, but details about its parameters, return type, or implementation were not provided. Without seeing the method signature or documentation, I cannot tell you what arguments it takes, if any."
9,1,Is there an entity named something like RecyclerViewListAdapterActivity in the pedrovgs/Renderers?,pedrovgs/Renderers,"

However, this information doesn't clearly indicate whether there is an entity named something like ""RecyclerViewListAdapterActivity"" in the pedrovgs/Renderers repository. The response only provides a list of numbers without any context about what these numbers represent or how they relate to entity names. Based on the available information, I cannot determine if there is an entity with a name similar to RecyclerViewListAdapterActivity in the repository."
9,2,Is there an entity named something like package com.pedrogomez.renderers in the pedrovgs/Renderers?,pedrovgs/Renderers,"

I don't have enough information to properly answer your question about whether there is an entity named something like ""package com.pedrogomez.renderers"" in the pedrovgs/Renderers repository. The information provided is incomplete and doesn't clearly indicate whether such a package exists or not."
9,3,Is there an entity named something like renderMarker in the pedrovgs/Renderers?,pedrovgs/Renderers,"

So yes, there is a method named exactly ""renderMarker"" that appears in multiple renderer classes within the pedrovgs/Renderers repository."
9,4,Is there an entity named something like RecyclerViewAdapterActivity in the package com.pedrogomez.renderers?,pedrovgs/Renderers,"

Based on this information, there is no entity named exactly ""RecyclerViewAdapterActivity"" in the package com.pedrogomez.renderers. There are several adapter classes that might be related to RecyclerView (those with ""RV"" prefix like RVRendererAdapter and RVListRendererAdapter), but none that match the specific name ""RecyclerViewAdapterActivity"" or closely similar variations."
9,5,Is there an entity named something like setList in the package com.pedrogomez.renderers.sample.ui.renderers?,pedrovgs/Renderers,Error: cound not answer
9,6,Is there an entity named something like initListView in the Video?,pedrovgs/Renderers,Error: cound not answer
9,7,What are the parts of this repo pedrovgs/Renderers?,pedrovgs/Renderers,"

I don't have enough information to answer your question about the parts of the pedrovgs/Renderers repository. None of the available agents were able to provide details about this repository's structure or components. If you'd like to know about this repository, you might want to visit the GitHub page directly at https://github.com/pedrovgs/Renderers to explore its contents."
9,8,What are the parts of this package package com.pedrogomez.renderers.sample.ui?,pedrovgs/Renderers,"

These are the components that make up the `com.pedrogomez.renderers.sample.ui` package."
9,9,What are the parts of this class StringRenderer?,pedrovgs/Renderers,"

I don't have enough information to describe the parts of the StringRenderer class. The response from the source code agent is incomplete and doesn't provide any details about the structure, methods, or properties of the StringRenderer class. To properly answer your question, I would need more specific information about this class."
9,10,How are instances of class RandomVideoCollectionGenerator created and assembled?,pedrovgs/Renderers,Error: cound not answer
9,11,Who modified this package package com.pedrogomez.renderers.exception most recently?,pedrovgs/Renderers,[]
9,12,Who modified this class NullParentException most recently?,pedrovgs/Renderers,"

However, I don't have information about who modified the NullParentException class most recently. To answer this question, I would need access to git history or commit information for this class, which isn't available in the provided context. If you need to know the most recent modifier of this class, you might want to check the git history using commands like `git blame` or look at the commit history in your repository."
9,13,When was this package package com.pedrogomez.renderers.exception last modified?,pedrovgs/Renderers,Error: cound not answer
9,14,When was this class RecyclerViewListAdapterActivity last modified?,pedrovgs/Renderers,Error: cound not answer
9,15,What does this repo pedrovgs/Renderers do?,pedrovgs/Renderers,"

I don't have enough information to answer what the pedrovgs/Renderers repository does. None of the available sources provided details about this repository's purpose or functionality. To learn about this repository, you might want to visit its GitHub page directly or provide more specific information about what you're looking to understand about it."
9,16,What was done in the most recent modification to this repo pedrovgs/Renderers?,pedrovgs/Renderers,[]
9,17,What was done in the most recent modification to this package package com.pedrogomez.renderers?,pedrovgs/Renderers,Error: cound not answer
9,18,What was done in the most recent modification to this class RendererAdapterTest?,pedrovgs/Renderers,"

However, I don't have information about the most recent modifications to the RendererAdapterTest class. The available information only confirms that this class exists in the codebase, but no details about its modification history, commit logs, or changes were provided. To answer your question about the most recent modifications, I would need access to the git history or specific commit information related to this class."
9,19,Where is this package package com.pedrogomez.renderers declared in the type hierarchy?,pedrovgs/Renderers,Error: cound not answer
9,20,Where is this class DefaultDiffUtilItemCallback declared in the type hierarchy?,pedrovgs/Renderers,"

However, there isn't enough information available about where this class is declared in the type hierarchy. The search found the class name, but no details about its parent classes, interfaces it implements, or its location in the codebase. To provide a complete answer, I would need more information about the package it belongs to, its superclasses, and its position in the inheritance hierarchy."
9,21,Where is this method setUpView declared in the type hierarchy?,pedrovgs/Renderers,Error: cound not answer
9,22,Where is this package package com.pedrogomez.renderers.sample.ui referenced?,pedrovgs/Renderers,Error: cound not answer
9,23,Where is this class ObjectRenderer called or type referenced?,pedrovgs/Renderers,Error: cound not answer
9,24,Where is this method shouldAddElementToList called?,pedrovgs/Renderers,Error: cound not answer
9,25,Under what circumstances is this package package com.pedrogomez.renderers.sample.ui.renderers used?,pedrovgs/Renderers,Error: cound not answer
9,26,Under what circumstances is this class RandomVideoCollectionGenerator used?,pedrovgs/Renderers,"

Unfortunately, I don't have enough information to answer your question about the circumstances under which the RandomVideoCollectionGenerator class is used. The search results don't provide any details about this class, its purpose, or its usage patterns. To provide an accurate answer, I would need more specific information about the class definition, its methods, and where it's referenced in the codebase."
9,27,Under what circumstances is this method shouldThrowNullPrototypeClassExceptionIfRendererBuilderImplementationReturnsNullPrototypeClassAndGetItemViewType called?,pedrovgs/Renderers,"

Unfortunately, I don't have enough information to answer your question about when the method `shouldThrowNullPrototypeClassExceptionIfRendererBuilderImplementationReturnsNullPrototypeClassAndGetItemViewType` is called. 

The search results only returned a number (57) without any context about the method, its implementation, or usage patterns. To properly answer this question, I would need access to the method's definition, the class it belongs to, and ideally some examples of where it's used in the codebase."
9,28,"What are the differences between these two files: File 1: ListViewActivity.java, File2: VideoRenderer.java?",pedrovgs/Renderers,"

I don't have enough information to answer your question about the differences between ListViewActivity.java and VideoRenderer.java. The available information only contains some numbers (38 and 43) which don't provide any details about the content, purpose, or structure of these files. To properly compare these files, I would need access to their actual code or at least a description of their functionalities."
9,29,"What are the differences between these two classes: Class 1: RVListRendererAdapter, Class 2: RVListRendererAdapterTest?",pedrovgs/Renderers,"

I don't have enough information to answer your question about the differences between RVListRendererAdapter and RVListRendererAdapterTest. The search results don't provide any specific details about these classes, their functionality, or their relationship to each other. To properly explain the differences, I would need access to the actual code or documentation for these classes."
9,30,"What is the difference between these similar parts of the code: Method 1: areItemsTheSame, Method 2: areContentsTheSame?",pedrovgs/Renderers,"

Based on the available information, I can provide a general explanation about these two methods, but without seeing their specific implementations in your codebase:

`areItemsTheSame` and `areContentsTheSame` are typically methods used in RecyclerView adapters with DiffUtil in Android development for efficient list updates.

The key differences between these methods are:

1. `areItemsTheSame`: This method checks if two items represent the same object in the data set. It typically compares unique identifiers (like IDs) to determine if two items are the same entity, regardless of content changes.

2. `areContentsTheSame`: This method is only called if `areItemsTheSame` returns true. It checks if the contents/data of the two items are identical. This determines if the item's visual representation needs to be updated.

For more specific details about how these methods are implemented in your particular classes (DefaultDiffUtilItemCallback, DiffCallback, or VideoItemDiffCallback), I would need to see the actual implementation code."
9,31,How can we know this object RendererTest has been created and initialized correctly?,pedrovgs/Renderers,"

Based on the information provided, I don't have enough details to explain how to verify that a RendererTest object has been created and initialized correctly. 

To properly answer this question, I would need additional information such as:

1. The definition of the RendererTest class
2. What initialization steps it requires
3. What methods or properties might indicate successful initialization
4. Any validation checks that should be performed

Without access to the source code implementation or documentation for this class, I cannot provide specific verification methods for this object."
9,32,"How are these types or objects related (e.g., whole-part relationships)?",pedrovgs/Renderers,Error: cound not answer
9,33,"What are the arguments to this class's constructor ViewPagerActivity, if any?",pedrovgs/Renderers,"

However, this information doesn't provide any details about the ViewPagerActivity class or its constructor arguments. Without access to the actual source code or documentation for the ViewPagerActivity class, I cannot determine what arguments its constructor might take.

To answer your question properly, I would need to see the declaration of the ViewPagerActivity class and its constructor method."
9,34,"What are the arguments to this method add, if any?",pedrovgs/Renderers,"

However, I don't have specific information about an ""add"" method within these classes. Without more context about which class contains the ""add"" method you're referring to, I cannot provide details about its arguments. To get this information, I would need to see the specific class implementation that contains the method in question."
